,Permit.Number,Permit.Type,Permit.Subtype,Status,Description,Site.Address,APN,Applied,Issued,Finaled,Address,RHNA.Date,Applied.Year,lon,lat,Total,Demolition,net
1,1996-630232,MULTI FAMILY,CONDOMINIUM,FINALED,Condo,540 GABILAN ST,17038093,1996-08-01,1996-10-31,1997-08-21,540 GABILAN,1996,1996,-122.1108324,37.3733156,,,
2,2006-648097,MULTI FAMILY,NULL,FINALED,Town Homes,4388 EL CAMINO REAL,16711062,2006-04-14,2007-09-25,2009-06-04,4388 EL CAMINO,2007,2006,-122.1176487,37.4034856,,,
3,2007-649844,MIXED USE,NULL,PENDING,Test,0 N AVALON DR,17022013,2007-04-09,NA,NA,0 AVALON DR,NA,2007,-122.1045739,37.3850086,,,
4,2008-654927,MULTI FAMILY,NULL,FINALED,Townhouse,58 CUESTA DR,17048024,2008-10-13,2010-03-05,2010-11-02,58 CUESTA DR,2010,2008,-122.113517,37.373805,,,
5,2008-654928,MULTI FAMILY,NULL,FINALED,Townhome,62 CUESTA DR,17048025,2008-10-13,2010-03-05,2010-10-29,62 CUESTA DR,2010,2008,-122.1134701,37.3738076,,,
6,2008-654929,MULTI FAMILY,NULL,FINALED,Townhome,68 CUESTA DR,17048026,2008-10-13,2010-03-05,2010-10-22,68 CUESTA DR,2010,2008,-122.1133831,37.3738136,,,
7,2008-654930,MULTI FAMILY,NULL,FINALED,Townhome,502 TYNDALL ST,17048027,2008-10-13,2010-03-05,2010-10-20,502 TYNDALL,2010,2008,-122.113251,37.373799,,,
8,2008-654931,MULTI FAMILY,NULL,FINALED,Townhome,508 TYNDALL ST,17048028,2008-10-13,2010-03-05,2010-11-03,508 TYNDALL,2010,2008,-122.113238,37.373682,,,
9,2008-654932,MULTI FAMILY,NULL,FINALED,Townhome,512 TYNDALL ST,17048029,2008-10-13,2010-03-05,2010-10-22,512 TYNDALL,2010,2008,-122.1133324,37.3736793,,,
10,2008-654933,MULTI FAMILY,NULL,FINALED,Townhome,518 TYNDALL ST,17048030,2008-10-13,2010-03-05,2010-10-28,518 TYNDALL,2010,2008,-122.1134158,37.3736792,,,
11,2008-654934,MULTI FAMILY,NULL,FINALED,Townhome,522 TYNDALL ST,17048031,2008-10-13,2010-03-05,2010-10-28,522 TYNDALL,2010,2008,-122.113523,37.373685,,,
12,2008-652274,MULTI FAMILY,NULL,ISSUED,8 Townhouses,510 TYNDALL ST,17038049,2008-10-13,2010-03-05,NA,510 TYNDALL,2010,2008,-122.113396,37.37382,,,
13,2008-653031,MULTI FAMILY,NULL,FINALED,Tri-Plex,569 LASSEN ST,17038024,2008-12-23,2010-01-04,2011-03-24,569 LASSEN,2010,2008,-122.111528,37.372871,,,
14,2009-653381,MIXED USE,NULL,FINALED,New Mixed Use Bldg,960 N SAN ANTONIO RD,16716062,2009-05-05,2010-06-29,2014-04-10,960 SAN ANTONIO,2010,2009,-122.1154363,37.3992718,,,
15,2010-655424,MULTI FAMILY,NULL,FINALED,Re- Pipe,1070 MERCEDES AV 19,16746019,2010-06-09,2010-06-14,2010-09-09,1070 MERCEDES AV 19,2010,2010,-122.1181874,37.4020712,,,
16,2010-655550,MIXED USE,NULL,FINALED,Prkg/Storage,960 N SAN ANTONIO RD,16716062,2010-07-06,2010-07-06,2013-06-24,960 SAN ANTONIO,2010,2010,-122.1154363,37.3992718,,,
17,2010-655668,MIXED USE,NULL,FINALED,Building 1,960 N SAN ANTONIO RD,16716062,2010-07-06,2010-07-06,2013-06-24,960 SAN ANTONIO,2010,2010,-122.1154363,37.3992718,,,
18,2010-655669,MIXED USE,NULL,FINALED,Building 2,960 N SAN ANTONIO RD,16716062,2010-07-06,2010-07-06,2013-06-24,960 SAN ANTONIO,2010,2010,-122.1154363,37.3992718,,,
19,2010-655670,MIXED USE,NULL,FINALED,Building 3,960 N SAN ANTONIO RD,16716062,2010-07-06,2010-07-06,2013-06-24,960 SAN ANTONIO,2010,2010,-122.1154363,37.3992718,,,
20,2010-655671,MIXED USE,NULL,FINALED,Building 4,960 N SAN ANTONIO RD,16716062,2010-07-06,2010-07-06,2013-06-24,960 SAN ANTONIO,2010,2010,-122.1154363,37.3992718,,,
21,2010-655672,MIXED USE,NULL,FINALED,Building 5,960 N SAN ANTONIO RD,16716062,2010-07-06,2010-07-06,2013-06-24,960 SAN ANTONIO,2010,2010,-122.1154363,37.3992718,,,
22,2010-655673,MIXED USE,NULL,FINALED,Building 6,960 N SAN ANTONIO RD,16716062,2010-07-06,2010-07-06,2013-06-24,960 SAN ANTONIO,2010,2010,-122.1154363,37.3992718,,,
23,2010-655674,MIXED USE,NULL,FINALED,Building 7,960 N SAN ANTONIO RD,16716062,2010-07-06,2010-07-06,2013-06-24,960 SAN ANTONIO,2010,2010,-122.1154363,37.3992718,,,
24,2010-655885,MULTI FAMILY,NULL,FINALED,Condominium,960 N SAN ANTONIO RD 121,16762001,2010-09-08,2010-09-08,2013-06-24,960 SAN ANTONIO RD 121,2010,2010,-122.1154363,37.3992718,,,
25,2010-655889,MULTI FAMILY,NULL,FINALED,Condominium,960 N SAN ANTONIO RD 122,16716047,2010-09-08,2010-09-08,2013-06-24,960 SAN ANTONIO RD 122,2010,2010,-122.1154363,37.3992718,,,
26,2010-655890,MULTI FAMILY,NULL,FINALED,Condominium,960 N SAN ANTONIO RD 123,16762003,2010-09-08,2010-09-08,2013-06-24,960 SAN ANTONIO RD 123,2010,2010,-122.1154363,37.3992718,,,
27,2010-655891,MULTI FAMILY,NULL,FINALED,Condominium,960 N SAN ANTONIO RD 124,16762004,2010-09-08,2010-09-08,2013-06-24,960 SAN ANTONIO RD 124,2010,2010,-122.1148529,37.3992708,,,
28,2010-655892,MULTI FAMILY,NULL,FINALED,Condominium,960 N SAN ANTONIO RD 125,16762005,2010-09-08,2010-09-08,2013-06-24,960 SAN ANTONIO RD 125,2010,2010,-122.1154363,37.3992718,,,
29,2010-655893,MULTI FAMILY,NULL,FINALED,Condominium,960 N SAN ANTONIO RD 126,16762006,2010-09-08,2010-09-08,2013-06-24,960 SAN ANTONIO RD 126,2010,2010,-122.1154363,37.3992718,,,
30,2010-655894,MULTI FAMILY,NULL,FINALED,Condominium,960 N SAN ANTONIO RD 127,16762007,2010-09-08,2010-09-08,2013-06-24,960 SAN ANTONIO RD 127,2010,2010,-122.1154363,37.3992718,,,
31,2010-655895,MULTI FAMILY,NULL,FINALED,Condominium,960 N SAN ANTONIO RD 128,16762008,2010-09-08,2010-09-08,2013-06-24,960 SAN ANTONIO RD 128,2010,2010,-122.1154363,37.3992718,,,
32,2010-655898,MULTI FAMILY,NULL,FINALED,Condominium,960 N SAN ANTONIO RD 129,16762009,2010-09-08,2010-09-08,2013-06-24,960 SAN ANTONIO RD 129,2010,2010,-122.1154363,37.3992718,,,
33,2010-655899,MULTI FAMILY,NULL,FINALED,Condominium,960 N SAN ANTONIO RD 130,16762010,2010-09-08,2010-09-08,2013-06-24,960 SAN ANTONIO RD 130,2010,2010,-122.1154363,37.3992718,,,
34,2010-655900,MULTI FAMILY,NULL,FINALED,Condominium,960 N SAN ANTONIO RD 201,16762011,2010-09-08,2010-09-08,2013-06-24,960 SAN ANTONIO RD 201,2010,2010,-122.1154363,37.3992718,,,
35,2010-655901,MULTI FAMILY,NULL,FINALED,Condominium,960 N SAN ANTONIO RD 202,16762012,2010-09-08,2010-09-08,2013-06-24,960 SAN ANTONIO RD 202,2010,2010,-122.1154363,37.3992718,,,
36,2010-655902,MULTI FAMILY,NULL,FINALED,Condominium,960 N SAN ANTONIO RD 203,16762013,2010-09-08,2010-09-08,2013-06-24,960 SAN ANTONIO RD 203,2010,2010,-122.1148529,37.3992708,,,
37,2010-655903,MULTI FAMILY,NULL,FINALED,Condominium,960 N SAN ANTONIO RD 204,16762014,2010-09-08,2010-09-08,2013-06-24,960 SAN ANTONIO RD 204,2010,2010,-122.1154363,37.3992718,,,
38,2010-655904,MULTI FAMILY,NULL,FINALED,Condominium,960 N SAN ANTONIO RD 205,16762015,2010-09-08,2010-09-08,2013-06-24,960 SAN ANTONIO RD 205,2010,2010,-122.1154363,37.3992718,,,
39,2010-655906,MULTI FAMILY,NULL,FINALED,Condominium,960 N SAN ANTONIO RD 206,16762016,2010-09-08,2010-09-08,2013-06-24,960 SAN ANTONIO RD 206,2010,2010,-122.1154363,37.3992718,,,
40,2010-655907,MULTI FAMILY,NULL,FINALED,Condominium,960 N SAN ANTONIO RD 207,16762017,2010-09-08,2010-09-08,2013-06-24,960 SAN ANTONIO RD 207,2010,2010,-122.1154363,37.3992718,,,
41,2010-655908,MULTI FAMILY,NULL,FINALED,Condominium,960 N SAN ANTONIO RD 208,16762018,2010-09-08,2010-09-08,2013-06-24,960 SAN ANTONIO RD 208,2010,2010,-122.1148529,37.3992708,,,
42,2010-655909,MULTI FAMILY,NULL,FINALED,Condominium,960 N SAN ANTONIO RD 209,16762019,2010-09-08,2010-09-08,2013-06-24,960 SAN ANTONIO RD 209,2010,2010,-122.1154363,37.3992718,,,
43,2010-655910,MULTI FAMILY,NULL,FINALED,Condominium,960 N SAN ANTONIO RD 210,16762020,2010-09-08,2010-09-08,2013-06-24,960 SAN ANTONIO RD 210,2010,2010,-122.1154363,37.3992718,,,
44,2010-655911,MULTI FAMILY,NULL,FINALED,Condominium,960 N SAN ANTONIO RD 211,16762021,2010-09-08,2010-09-08,2013-06-24,960 SAN ANTONIO RD 211,2010,2010,-122.1154363,37.3992718,,,
45,2010-655912,MULTI FAMILY,NULL,FINALED,Condominium,960 N SAN ANTONIO RD 212,16762022,2010-09-08,2010-09-08,2013-06-24,960 SAN ANTONIO RD 212,2010,2010,-122.1154363,37.3992718,,,
46,2010-655913,MULTI FAMILY,NULL,FINALED,Condominium,960 N SAN ANTONIO RD 213,16762023,2010-09-08,2010-09-08,2013-06-24,960 SAN ANTONIO RD 213,2010,2010,-122.1154363,37.3992718,,,
47,2010-655914,MULTI FAMILY,NULL,FINALED,Condominium,960 N SAN ANTONIO RD 214,16762024,2010-09-08,2010-09-08,2013-06-24,960 SAN ANTONIO RD 214,2010,2010,-122.1154363,37.3992718,,,
48,2010-655915,MULTI FAMILY,NULL,FINALED,Condominium,960 N SAN ANTONIO RD 215,16762025,2010-09-08,2010-09-08,2013-06-24,960 SAN ANTONIO RD 215,2010,2010,-122.1154363,37.3992718,,,
49,2010-655916,MULTI FAMILY,NULL,FINALED,Condominium,960 N SAN ANTONIO RD 216,16762026,2010-09-08,2010-09-08,2013-06-24,960 SAN ANTONIO RD 216,2010,2010,-122.1154363,37.3992718,,,
50,2010-655917,MULTI FAMILY,NULL,FINALED,Condominium,960 N SAN ANTONIO RD 217,16762027,2010-09-08,2010-09-08,2013-06-24,960 SAN ANTONIO RD 217,2010,2010,-122.1154363,37.3992718,,,
51,2010-655918,MULTI FAMILY,NULL,FINALED,Condominium,960 N SAN ANTONIO RD 218,16762028,2010-09-08,2010-09-08,2012-10-22,960 SAN ANTONIO RD 218,2010,2010,-122.1154363,37.3992718,,,
52,2010-655919,MULTI FAMILY,NULL,FINALED,Condominium,960 N SAN ANTONIO RD 219,16762029,2010-09-08,2010-09-08,2012-10-22,960 SAN ANTONIO RD 219,2010,2010,-122.1154363,37.3992718,,,
53,2010-655920,MULTI FAMILY,NULL,FINALED,Condominium,960 N SAN ANTONIO RD 220,16762030,2010-09-08,2010-09-08,2012-10-22,960 SAN ANTONIO RD 220,2010,2010,-122.1148529,37.3992708,,,
54,2010-655921,MULTI FAMILY,NULL,FINALED,Condominium,960 N SAN ANTONIO RD 221,16762031,2010-09-08,2010-09-08,2012-10-22,960 SAN ANTONIO RD 221,2010,2010,-122.1154363,37.3992718,,,
55,2010-655922,MULTI FAMILY,NULL,FINALED,Condominium,960 N SAN ANTONIO RD 222,16762032,2010-09-08,2010-09-08,2012-10-22,960 SAN ANTONIO RD 222,2010,2010,-122.1154363,37.3992718,,,
56,2010-655923,MULTI FAMILY,NULL,FINALED,Condominium,960 N SAN ANTONIO RD 223,16762033,2010-09-08,2010-09-08,2013-06-24,960 SAN ANTONIO RD 223,2010,2010,-122.1154363,37.3992718,,,
57,2010-655924,MULTI FAMILY,NULL,FINALED,Condominium,960 N SAN ANTONIO RD 224,16762034,2010-09-08,2010-09-08,2013-06-24,960 SAN ANTONIO RD 224,2010,2010,-122.1148529,37.3992708,,,
58,2010-655925,MULTI FAMILY,NULL,FINALED,Condominium,960 N SAN ANTONIO RD 225,16762035,2010-09-08,2010-09-08,2013-06-24,960 SAN ANTONIO RD 225,2010,2010,-122.1148529,37.3992708,,,
59,2010-655926,MULTI FAMILY,NULL,FINALED,Condominium,960 N SAN ANTONIO RD 226,16762036,2010-09-08,2010-09-08,2013-06-24,960 SAN ANTONIO RD 226,2010,2010,-122.1154363,37.3992718,,,
60,2010-655927,MULTI FAMILY,NULL,FINALED,Condominium,960 N SAN ANTONIO RD 227,16762037,2010-09-08,2010-09-08,2013-06-24,960 SAN ANTONIO RD 227,2010,2010,-122.1154363,37.3992718,,,
61,2010-655929,MULTI FAMILY,NULL,FINALED,Condominium,960 N SAN ANTONIO RD 228,16762038,2010-09-08,2010-09-08,2013-06-24,960 SAN ANTONIO RD 228,2010,2010,-122.1154363,37.3992718,,,
62,2010-655930,MULTI FAMILY,NULL,FINALED,Condominium,960 N SAN ANTONIO RD 229,16762039,2010-09-08,2010-09-08,2013-06-24,960 SAN ANTONIO RD 229,2010,2010,-122.1148529,37.3992708,,,
63,2010-655931,MULTI FAMILY,NULL,FINALED,Condominium,960 N SAN ANTONIO RD 230,16762040,2010-09-08,2010-09-08,2013-06-24,960 SAN ANTONIO RD 230,2010,2010,-122.1148529,37.3992708,,,
64,2010-655932,MULTI FAMILY,NULL,FINALED,Condominium,960 N SAN ANTONIO RD 231,16762041,2010-09-08,2010-09-08,2013-06-24,960 SAN ANTONIO RD 231,2010,2010,-122.1154363,37.3992718,,,
65,2010-655933,MULTI FAMILY,NULL,FINALED,Condominium,960 N SAN ANTONIO RD 232,16762042,2010-09-08,2010-09-08,2013-06-24,960 SAN ANTONIO RD 232,2010,2010,-122.1154363,37.3992718,,,
66,2010-655934,MULTI FAMILY,NULL,FINALED,Condominium,960 N SAN ANTONIO RD 233,16762043,2010-09-08,2010-09-08,2013-06-24,960 SAN ANTONIO RD 233,2010,2010,-122.1154363,37.3992718,,,
67,2010-655935,MULTI FAMILY,NULL,FINALED,Condominium,960 N SAN ANTONIO RD 234,16762044,2010-09-08,2010-09-08,2013-01-09,960 SAN ANTONIO RD 234,2010,2010,-122.1154363,37.3992718,,,
68,2010-655938,MULTI FAMILY,NULL,FINALED,Condominium,960 N SAN ANTONIO RD 235,16762045,2010-09-08,2010-09-08,2013-06-24,960 SAN ANTONIO RD 235,2010,2010,-122.1148529,37.3992708,,,
69,2010-655939,MULTI FAMILY,NULL,FINALED,Condominium,960 N SAN ANTONIO RD 236,16762046,2010-09-08,2010-09-08,2013-06-24,960 SAN ANTONIO RD 236,2010,2010,-122.1154363,37.3992718,,,
70,2010-656221,MIXED USE,NULL,FINALED,New Building,240 THIRD ST,16740081,2010-11-10,2011-06-17,2012-12-04,240 THIRD,2011,2010,-122.115297,37.3779108,,,
71,2011-656874,MULTI FAMILY,NULL,FINALED,Town House,70 CUESTA DR,17038048,2011-03-29,2011-08-10,2012-04-30,70 CUESTA DR,2011,2011,-122.112735,37.37382,,,
72,2011-657617,MULTI FAMILY,NULL,FINALED,20UnitCondo,396 FIRST ST,16741044,2011-08-09,2011-12-02,2013-06-05,396 FIRST,2011,2011,-122.1157851,37.375025,,,
73,2011-657919,MULTI FAMILY,NULL,FINALED,3 Townhomes,36 LYELL ST,17039059,2011-10-18,2012-02-23,2014-01-23,36 LYELL,2012,2011,-122.1133697,37.3753246,,,
74,2012-658509,MULTI FAMILY,NULL,FINALED,condominiums,240 THIRD ST,16740081,2012-02-16,2012-04-11,2013-02-14,240 THIRD,2012,2012,-122.115297,37.3779108,,,
75,2012-659134,MULTI FAMILY,NULL,PENDING,Condo-6/26/12,0 N AVALON DR,17022013,2012-06-26,NA,NA,0 AVALON DR,NA,2012,-122.1045739,37.3850086,,,
76,2012-659482,MULTI FAMILY,NULL,FINALED,46 Condos,100 FIRST ST,16739106,2012-09-11,2013-06-10,2015-07-28,100 FIRST,2013,2012,-122.1202221,37.3805823,,,
77,2012-659641,MULTI FAMILY,NULL,PENDING,Test-Not a Permit,4746 EL CAMINO REAL,17001097,2012-10-10,NA,NA,4746 EL CAMINO,NA,2012,-122.1120217,37.3987334,,,
78,2012-659707,MULTI FAMILY,NULL,FINALED,U/G Park-Colonnade,4750 EL CAMINO REAL,17001099,2012-11-19,2013-03-11,2014-02-07,4750 EL CAMINO,2013,2012,-122.1118718,37.399396,,,
79,2012-659884,MULTI FAMILY,NULL,FINALED,Terraces PH3,373 PINE LN,16724041,2012-11-28,2014-09-03,2017-03-13,373 PINE LN,2014,2012,-122.1213439,37.3924167,,,
80,2012-660010,MULTI FAMILY,NULL,FINALED,Condo#1,396 FIRST ST 1,16741044,2012-12-28,2013-02-26,2013-03-13,396 FIRST ST 1,2013,2012,-122.1157851,37.375025,,,
81,2012-660261,MULTI FAMILY,NULL,FINALED,Condo#10,396 FIRST ST 10,16741044,2012-12-28,2013-02-26,2013-04-10,396 FIRST ST 10,2013,2012,-122.1157851,37.375025,,,
82,2012-660262,MULTI FAMILY,NULL,FINALED,Condo#11,396 FIRST ST 11,16741044,2012-12-28,2013-02-26,2013-04-09,396 FIRST ST 11,2013,2012,-122.1157851,37.375025,,,
83,2012-660263,MULTI FAMILY,NULL,FINALED,Condo#12,396 FIRST ST 12,16741044,2012-12-28,2013-02-26,2013-03-20,396 FIRST ST 12,2013,2012,-122.1157851,37.375025,,,
84,2012-660264,MULTI FAMILY,NULL,FINALED,Condo#13,396 FIRST ST 13,16741044,2012-12-28,2013-02-26,2013-04-09,396 FIRST ST 13,2013,2012,-122.1157851,37.375025,,,
85,2012-660265,MULTI FAMILY,NULL,FINALED,Condo#14,396 FIRST ST 14,16741044,2012-12-28,2013-02-26,2013-04-17,396 FIRST ST 14,2013,2012,-122.1157851,37.375025,,,
86,2012-660266,MULTI FAMILY,NULL,FINALED,Condo#15,396 FIRST ST 15,16741044,2012-12-28,2013-02-26,2013-04-16,396 FIRST ST 15,2013,2012,-122.1157851,37.375025,,,
87,2012-660267,MULTI FAMILY,NULL,FINALED,Condo#16,396 FIRST ST 16,16741044,2012-12-28,2013-02-26,2013-05-01,396 FIRST ST 16,2013,2012,-122.1157851,37.375025,,,
88,2012-660268,MULTI FAMILY,NULL,FINALED,Condo#17,396 FIRST ST 17,16741044,2012-12-28,2013-02-26,2013-04-16,396 FIRST ST 17,2013,2012,-122.1157851,37.375025,,,
89,2012-660269,MULTI FAMILY,NULL,FINALED,Condo#18,396 FIRST ST 18,16741044,2012-12-28,2013-02-26,2013-03-27,396 FIRST ST 18,2013,2012,-122.1157851,37.375025,,,
90,2012-660270,MULTI FAMILY,NULL,FINALED,Condo#19,396 FIRST ST 19,16741044,2012-12-28,2013-02-26,2013-04-15,396 FIRST ST 19,2013,2012,-122.1157851,37.375025,,,
91,2012-660271,MULTI FAMILY,NULL,FINALED,Condo#2,396 FIRST ST 2,16741044,2012-12-28,2013-02-26,2013-03-12,396 FIRST ST 2,2013,2012,-122.1157851,37.375025,,,
92,2012-660272,MULTI FAMILY,NULL,FINALED,Condo#20,396 FIRST ST 20,16741044,2012-12-28,2013-02-26,2013-03-11,396 FIRST ST 20,2013,2012,-122.1157851,37.375025,,,
93,2012-660273,MULTI FAMILY,NULL,FINALED,Condo#3,396 FIRST ST 3,16741044,2012-12-28,2013-02-26,2013-05-01,396 FIRST ST 3,2013,2012,-122.1157851,37.375025,,,
94,2012-660274,MULTI FAMILY,NULL,FINALED,Condo#4,396 FIRST ST 4,16741044,2012-12-28,2013-02-26,2013-04-15,396 FIRST ST 4,2013,2012,-122.1157851,37.375025,,,
95,2012-660275,MULTI FAMILY,NULL,FINALED,Condo#5,396 FIRST ST 5,16741044,2012-12-28,2013-02-26,2013-04-22,396 FIRST ST 5,2013,2012,-122.1157851,37.375025,,,
96,2012-660276,MULTI FAMILY,NULL,FINALED,Condo#6,396 FIRST ST 6,16741044,2012-12-28,2013-02-26,2013-06-05,396 FIRST ST 6,2013,2012,-122.1157851,37.375025,,,
97,2012-660277,MULTI FAMILY,NULL,FINALED,Condo#7,396 FIRST ST 7,16741044,2012-12-28,2013-02-26,2013-03-18,396 FIRST ST 7,2013,2012,-122.1157851,37.375025,,,
98,2012-660278,MULTI FAMILY,NULL,FINALED,Condo#8,396 FIRST ST 8,16741044,2012-12-28,2013-02-26,2013-04-22,396 FIRST ST 8,2013,2012,-122.1157851,37.375025,,,
99,2012-660279,MULTI FAMILY,NULL,FINALED,Condo#9,396 FIRST ST 9,16741044,2012-12-28,2013-02-26,2013-03-28,396 FIRST ST 9,2013,2012,-122.1157851,37.375025,,,
100,2013-660286,MULTI FAMILY,NULL,FINALED,38 Unit Condo,1000 MARCELLI CR,17001096,2013-02-26,2013-06-03,2014-06-04,1000 MARCELLI CR,2013,2013,-122.1123982,37.3982886,,,
101,2013-660408,MULTI FAMILY,NULL,FINALED,4 Story Apt Building,4750 EL CAMINO REAL,17001099,2013-04-08,2013-08-08,2015-12-14,4750 EL CAMINO,2013,2013,-122.1118718,37.399396,,,
102,2013-660897,MULTI FAMILY,NULL,FINALED,Building 1,1000 MARCELLI CR,17001096,2013-06-03,2013-06-03,2014-06-04,1000 MARCELLI CR,2013,2013,-122.1123982,37.3982886,,,
103,2013-660898,MULTI FAMILY,NULL,FINALED,Building 2,1000 MARCELLI CR,17001096,2013-06-03,2013-06-03,2014-05-23,1000 MARCELLI CR,2013,2013,-122.1123982,37.3982886,,,
104,2013-660899,MULTI FAMILY,NULL,FINALED,Building 3,1000 MARCELLI CR,17001096,2013-06-03,2013-06-03,2013-12-23,1000 MARCELLI CR,2013,2013,-122.1123982,37.3982886,,,
105,2013-660900,MULTI FAMILY,NULL,FINALED,Building 4,1000 MARCELLI CR,17001096,2013-06-03,2013-06-03,2014-03-20,1000 MARCELLI CR,2013,2013,-122.1123982,37.3982886,,,
106,2013-660901,MULTI FAMILY,NULL,FINALED,Building 5,1000 MARCELLI CR,17001096,2013-06-03,2013-06-03,2014-02-27,1000 MARCELLI CR,2013,2013,-122.1123982,37.3982886,,,
107,2013-660902,MULTI FAMILY,NULL,FINALED,Building 6,1000 MARCELLI CR,17001096,2013-06-03,2013-06-03,2014-01-08,1000 MARCELLI CR,2013,2013,-122.1123982,37.3982886,,,
108,2013-660903,MULTI FAMILY,NULL,FINALED,Building 7,1000 MARCELLI CR,17001096,2013-06-03,2013-06-03,2014-01-23,1000 MARCELLI CR,2013,2013,-122.1123982,37.3982886,,,
109,2013-660904,MULTI FAMILY,NULL,FINALED,Building 8,1000 MARCELLI CR,17001096,2013-06-03,2013-06-03,2014-02-14,1000 MARCELLI CR,2013,2013,-122.1123982,37.3982886,,,
110,2013-661272,MULTI FAMILY,NULL,FINALED,Town House,3001 MARCELLI CR,17070015,2013-08-13,2013-08-13,2014-07-25,3001 MARCELLI CR,2013,2013,-122.1124933,37.3989074,,,
111,2013-661273,MULTI FAMILY,NULL,FINALED,Town House,3002 MARCELLI CR,17070014,2013-08-13,2013-08-13,2014-06-13,3002 MARCELLI CR,2013,2013,-122.1124718,37.3987879,,,
112,2013-661274,MULTI FAMILY,NULL,FINALED,Town house,3003 MARCELLI CR,17070013,2013-08-13,2013-08-13,2014-06-06,3003 MARCELLI CR,2013,2013,-122.1124171,37.3988316,,,
113,2013-661275,MULTI FAMILY,NULL,FINALED,Town House,3004 MARCELLI CR,17070012,2013-08-13,2013-08-13,2014-02-24,3004 MARCELLI CR,2013,2013,-122.1123718,37.3988778,,,
114,2013-661305,MULTI FAMILY,NULL,ISSUED,Town House,5001 MARCELLI CR,17001096,2013-08-19,2013-08-19,NA,5001 MARCELLI CR,2013,2013,-122.1122789,37.3986075,,,
115,2013-661306,MULTI FAMILY,NULL,FINALED,Town House,5002 MARCELLI CR,17001096,2013-08-19,2013-08-19,2014-01-09,5002 MARCELLI CR,2013,2013,-122.1122396,37.3986622,,,
116,2013-661307,MULTI FAMILY,NULL,FINALED,Town House,5003 MARCELLI CR,17001096,2013-08-19,2013-08-19,2014-01-09,5003 MARCELLI CR,2013,2013,-122.1122046,37.398714,,,
117,2013-661308,MULTI FAMILY,NULL,FINALED,Town House,5004 MARCELLI CR,17001096,2013-08-19,2013-08-19,2014-01-09,5004 MARCELLI CR,2013,2013,-122.1121656,37.3987638,,,
118,2013-661309,MULTI FAMILY,NULL,FINALED,Town House,7001 MARCELLI CR,17001096,2013-08-19,2013-08-19,2014-01-27,7001 MARCELLI CR,2013,2013,-122.1120627,37.3984608,,,
119,2013-661310,MULTI FAMILY,NULL,FINALED,Town House,7002 MARCELLI CR,17001096,2013-08-19,2013-08-19,2014-01-28,7002 MARCELLI CR,2013,2013,-122.1120233,37.3985156,,,
120,2013-661311,MULTI FAMILY,NULL,FINALED,Town House,7003 MARCELLI CR,17001096,2013-08-19,2013-08-19,2014-01-27,7003 MARCELLI CR,2013,2013,-122.1119884,37.3985675,,,
121,2013-661312,MULTI FAMILY,NULL,FINALED,Town House,7004 MARCELLI CR,17001096,2013-08-19,2013-08-19,2014-01-27,7004 MARCELLI CR,2013,2013,-122.111952,37.3986182,,,
122,2013-661313,MULTI FAMILY,NULL,FINALED,Town House,7005 MARCELLI CR,17001096,2013-08-19,2013-08-19,2014-01-27,7005 MARCELLI CR,2013,2013,-122.1119172,37.3986692,,,
123,2013-661314,MULTI FAMILY,NULL,ISSUED,Town House,7006 MARCELLI CR,17001096,2013-08-19,2013-08-19,NA,7006 MARCELLI CR,2013,2013,-122.1118791,37.3987247,,,
124,2013-661483,MIXED USE,NULL,FINALED,New Mixed Use Bldg,86 THIRD ST,16739131,2013-09-19,2014-07-01,2016-07-15,86 THIRD,2014,2013,-122.1173381,37.3805182,,,
125,2013-661577,MULTI FAMILY,NULL,FINALED,Town House,8001 MARCELLI CR,17001096,2013-10-07,2013-10-07,2014-02-14,8001 MARCELLI CR,2013,2013,-122.1122839,37.3981606,,,
126,2013-661578,MULTI FAMILY,NULL,FINALED,Town House,8002 MARCELLI CR,17001096,2013-10-07,2013-10-07,2014-02-14,8002 MARCELLI CR,2013,2013,-122.1122445,37.3982156,,,
127,2013-661579,MULTI FAMILY,NULL,FINALED,Town House,8003 MARCELLI CR,17001096,2013-10-07,2013-10-07,2014-02-14,8003 MARCELLI CR,2013,2013,-122.1122095,37.3982676,,,
128,2013-661580,MULTI FAMILY,NULL,FINALED,Town House,8004 MARCELLI CR,17001096,2013-10-07,2013-10-07,2014-02-14,8004 MARCELLI CR,2013,2013,-122.1121703,37.3983175,,,
129,2013-661581,MULTI FAMILY,NULL,FINALED,Town House,8005 MARCELLI CR,17001096,2013-10-07,2013-10-07,2014-02-18,8005 MARCELLI CR,2013,2013,-122.1121321,37.3983731,,,
130,2013-661582,MULTI FAMILY,NULL,FINALED,Town House,6001 MARCELLI CR,17001096,2013-10-07,2013-10-07,2014-03-11,6001 MARCELLI CR,2013,2013,-122.1124459,37.3983644,,,
131,2013-661583,MULTI FAMILY,NULL,FINALED,Town House,6002 MARCELLI CR,17001096,2013-10-07,2013-10-07,2014-03-06,6002 MARCELLI CR,2013,2013,-122.1124119,37.3984165,,,
132,2013-661584,MULTI FAMILY,NULL,FINALED,Town House,6003 MARCELLI CR,17001096,2013-10-07,2013-10-07,2014-03-06,6003 MARCELLI CR,2013,2013,-122.1123736,37.3984669,,,
133,2013-661585,MULTI FAMILY,NULL,FINALED,Town House,6004 MARCELLI CR,17070020,2013-10-07,2013-10-07,2014-03-06,6004 MARCELLI CR,2013,2013,-122.1123342,37.3985218,,,
134,2013-661662,MULTI FAMILY,NULL,FINALED,Town House,2001 MARCELLI CR,17070006,2013-10-18,2013-10-18,2014-05-01,2001 MARCELLI CR,2013,2013,-122.1127703,37.398741,,,
135,2013-661663,MULTI FAMILY,NULL,FINALED,Town House,2002 MARCELLI CR,17070005,2013-10-18,2013-10-18,2014-05-01,2002 MARCELLI CR,2013,2013,-122.1128086,37.3986951,,,
136,2013-661664,MULTI FAMILY,NULL,ISSUED,Town House,2003 MARCELLI CR,17070004,2013-10-18,2013-10-18,NA,2003 MARCELLI CR,2013,2013,-122.1129503,37.3986099,,,
137,2013-661665,MULTI FAMILY,NULL,FINALED,Town House,2004 MARCELLI CR,17070003,2013-10-18,2013-10-18,2014-04-24,2004 MARCELLI CR,2013,2013,-122.1128953,37.3986066,,,
138,2013-661666,MULTI FAMILY,NULL,FINALED,Town House,2005 MARCELLI CR,17001096,2013-10-18,2013-10-18,2014-04-14,2005 MARCELLI CR,2013,2013,-122.1129398,37.398548,,,
139,2013-661667,MULTI FAMILY,NULL,FINALED,Town House,2006 MARCELLI CR,17070001,2013-10-18,2013-10-18,2014-04-14,2006 MARCELLI CR,2013,2013,-122.112965,37.398518,,,
140,2013-661668,MULTI FAMILY,NULL,FINALED,Town House,1001 MARCELLI CR,17070011,2013-10-18,2013-10-18,2014-05-23,1001 MARCELLI CR,2013,2013,-122.112564,37.3989778,,,
141,2013-661669,MULTI FAMILY,NULL,FINALED,Town House,1002 MARCELLI CR,17070010,2013-10-18,2013-10-18,2014-05-23,1002 MARCELLI CR,2013,2013,-122.1127103,37.3988764,,,
142,2013-661670,MULTI FAMILY,NULL,FINALED,Town House,1003 MARCELLI CR,17070009,2013-10-18,2013-10-18,2014-05-23,1003 MARCELLI CR,2013,2013,-122.1126657,37.3989232,,,
143,2013-661671,MULTI FAMILY,NULL,FINALED,Town House,1004 MARCELLI CR,17070008,2013-10-18,2013-10-18,2014-05-23,1004 MARCELLI CR,2013,2013,-122.1126903,37.3988354,,,
144,2013-661672,MULTI FAMILY,NULL,FINALED,Town House,1005 MARCELLI CR,17070007,2013-10-18,2013-10-18,2014-05-23,1005 MARCELLI CR,2013,2013,-122.1127374,37.3987805,,,
145,2013-661673,MULTI FAMILY,NULL,FINALED,Town House,4001 MARCELLI CR,17070019,2013-10-18,2013-10-18,2014-03-27,4001 MARCELLI CR,2013,2013,-122.1126571,37.3987237,,,
146,2013-661674,MULTI FAMILY,NULL,FINALED,Town House,4002 MARCELLI CR,17070018,2013-10-18,2013-10-18,2014-03-27,4002 MARCELLI CR,2013,2013,-122.1126888,37.3985377,,,
147,2013-661675,MULTI FAMILY,NULL,FINALED,Town House,4003 MARCELLI CR,17070017,2013-10-18,2013-10-18,2014-03-26,4003 MARCELLI CR,2013,2013,-122.1126441,37.3985847,,,
148,2013-661676,MULTI FAMILY,NULL,FINALED,Town House,4004 MARCELLI CR,17070016,2013-10-18,2013-10-18,2014-03-26,4004 MARCELLI CR,2013,2013,-122.1127851,37.3985811,,,
149,2013-661874,MULTI FAMILY,NULL,FINALED,Condominium,100 FIRST ST 101,16763001,2013-11-25,2013-11-25,2015-03-24,100 FIRST ST 101,2013,2013,-122.1202221,37.3805823,,,
150,2013-661875,MULTI FAMILY,NULL,FINALED,Condominium,100 FIRST ST 102,16763002,2013-11-25,2013-11-25,2015-03-24,100 FIRST ST 102,2013,2013,-122.1202221,37.3805823,,,
151,2013-661876,MULTI FAMILY,NULL,FINALED,Condominium,100 FIRST ST 103,16763003,2013-11-25,2013-11-25,2015-03-25,100 FIRST ST 103,2013,2013,-122.1202221,37.3805823,,,
152,2013-661877,MULTI FAMILY,NULL,FINALED,Condominium,100 FIRST ST 104,16763004,2013-11-25,2013-11-25,2015-02-18,100 FIRST ST 104,2013,2013,-122.1202221,37.3805823,,,
153,2013-661878,MULTI FAMILY,NULL,FINALED,Condominium,100 FIRST ST 105,16763005,2013-11-25,2013-11-25,2015-02-20,100 FIRST ST 105,2013,2013,-122.1202221,37.3805823,,,
154,2013-661879,MULTI FAMILY,NULL,FINALED,Condominium,100 FIRST ST 106,16763006,2013-11-25,2013-11-25,2015-03-04,100 FIRST ST 106,2013,2013,-122.1202221,37.3805823,,,
155,2013-661880,MULTI FAMILY,NULL,FINALED,Condominium,100 FIRST ST 107,16763007,2013-11-25,2013-11-25,2015-03-03,100 FIRST ST 107,2013,2013,-122.1202221,37.3805823,,,
156,2013-661881,MULTI FAMILY,NULL,FINALED,Condominium,100 FIRST ST 108,16739106,2013-11-25,2013-11-25,2015-02-25,100 FIRST ST 108,2013,2013,-122.1202221,37.3805823,,,
157,2013-661882,MULTI FAMILY,NULL,FINALED,Condominium,100 FIRST ST 109,16739106,2013-11-25,2013-11-25,2015-02-19,100 FIRST ST 109,2013,2013,-122.1202221,37.3805823,,,
158,2013-661883,MULTI FAMILY,NULL,FINALED,Condominium,100 FIRST ST 110,16739106,2013-11-25,2013-11-25,2015-04-13,100 FIRST ST 110,2013,2013,-122.1202221,37.3805823,,,
159,2013-661884,MULTI FAMILY,NULL,FINALED,Condominium,100 FIRST ST 111,16739106,2013-11-25,2013-11-25,2015-04-13,100 FIRST ST 111,2013,2013,-122.1202221,37.3805823,,,
160,2013-661885,MULTI FAMILY,NULL,FINALED,Condominium,100 FIRST ST 112,16739106,2013-11-25,2013-11-25,2015-03-27,100 FIRST ST 112,2013,2013,-122.1202221,37.3805823,,,
161,2013-661886,MULTI FAMILY,NULL,FINALED,Condominium,100 FIRST ST 201,16739106,2013-11-25,2013-11-25,2015-02-04,100 FIRST ST 201,2013,2013,-122.1202221,37.3805823,,,
162,2013-661887,MULTI FAMILY,NULL,FINALED,Condominium,100 FIRST ST 204,NA,2013-11-25,2013-11-25,2015-03-10,100 FIRST ST 204,2013,2013,-122.1202221,37.3805823,,,
163,2013-661888,MULTI FAMILY,NULL,FINALED,Condominium,100 FIRST ST 205,16739106,2013-11-25,2013-11-25,2015-03-25,100 FIRST ST 205,2013,2013,-122.1202221,37.3805823,,,
164,2013-661889,MULTI FAMILY,NULL,FINALED,Condominium,100 FIRST ST 206,16739106,2013-11-25,2013-11-25,2015-03-05,100 FIRST ST 206,2013,2013,-122.1202221,37.3805823,,,
165,2013-661890,MULTI FAMILY,NULL,FINALED,Condominium,100 FIRST ST 207,16739106,2013-11-25,2013-11-25,2015-02-18,100 FIRST ST 207,2013,2013,-122.1202221,37.3805823,,,
166,2013-661891,MULTI FAMILY,NULL,FINALED,Condominium,100 FIRST ST 208,NA,2013-11-25,2013-11-25,2015-02-12,100 FIRST ST 208,2013,2013,-122.1202221,37.3805823,,,
167,2013-661892,MULTI FAMILY,NULL,FINALED,Condominium,100 FIRST ST 209,16739106,2013-11-25,2013-11-25,2015-02-20,100 FIRST ST 209,2013,2013,-122.1202221,37.3805823,,,
168,2013-661893,MULTI FAMILY,NULL,ISSUED,Condominium,100 FIRST ST 210,16739106,2013-11-25,2013-11-25,NA,100 FIRST ST 210,2013,2013,-122.1202221,37.3805823,,,
169,2013-661894,MULTI FAMILY,NULL,FINALED,Condominium,100 FIRST ST 211,16739106,2013-11-25,2013-11-25,2015-02-20,100 FIRST ST 211,2013,2013,-122.1202221,37.3805823,,,
170,2013-661895,MULTI FAMILY,NULL,FINALED,Condominium,100 FIRST ST 212,NA,2013-11-25,2013-11-25,2015-02-24,100 FIRST ST 212,2013,2013,-122.1202221,37.3805823,,,
171,2013-661907,MULTI FAMILY,NULL,FINALED,Condominium,100 FIRST ST 213,NA,2013-11-25,2013-11-25,2015-03-27,100 FIRST ST 213,2013,2013,-122.1202221,37.3805823,,,
172,2013-661908,MULTI FAMILY,NULL,FINALED,Condominium,100 FIRST ST 214,16739106,2013-11-25,2013-11-25,2015-02-24,100 FIRST ST 214,2013,2013,-122.1202221,37.3805823,,,
173,2013-661909,MULTI FAMILY,NULL,FINALED,Condominium,100 FIRST ST 215,NA,2013-11-25,2013-11-25,2015-03-26,100 FIRST ST 215,2013,2013,-122.1202221,37.3805823,,,
174,2013-661910,MULTI FAMILY,NULL,FINALED,Condominium,100 FIRST ST 216,16739106,2013-11-25,2013-11-25,2015-03-20,100 FIRST ST 216,2013,2013,-122.1202221,37.3805823,,,
175,2013-661911,MULTI FAMILY,NULL,FINALED,Condominium,100 FIRST ST 217,16739106,2013-11-25,2013-11-25,2015-03-24,100 FIRST ST 217,2013,2013,-122.1202221,37.3805823,,,
176,2013-661912,MULTI FAMILY,NULL,FINALED,Condominium,100 FIRST ST 218,16739106,2013-11-25,2013-11-25,2015-03-11,100 FIRST ST 218,2013,2013,-122.1202221,37.3805823,,,
177,2013-661913,MULTI FAMILY,NULL,FINALED,Condominium,100 FIRST ST 301,16739106,2013-11-25,2013-11-25,2015-03-20,100 FIRST ST 301,2013,2013,-122.1202221,37.3805823,,,
178,2013-661916,MULTI FAMILY,NULL,FINALED,Condominium,100 FIRST ST 302,16739106,2013-11-25,2013-11-25,2015-03-20,100 FIRST ST 302,2013,2013,-122.1202221,37.3805823,,,
179,2013-661917,MULTI FAMILY,NULL,FINALED,Condominium,100 FIRST ST 303,16739106,2013-11-25,2013-11-25,2015-03-09,100 FIRST ST 303,2013,2013,-122.1202221,37.3805823,,,
180,2013-661918,MULTI FAMILY,NULL,FINALED,Condominium,100 FIRST ST 304,16739106,2013-11-25,2013-11-25,2015-03-05,100 FIRST ST 304,2013,2013,-122.1202221,37.3805823,,,
181,2013-661919,MULTI FAMILY,NULL,FINALED,Condominium,100 FIRST ST 305,16739106,2013-11-25,2013-11-25,2015-03-04,100 FIRST ST 305,2013,2013,-122.1202221,37.3805823,,,
182,2013-661920,MULTI FAMILY,NULL,FINALED,Condominium,100 FIRST ST 306,16739106,2013-11-25,2013-11-25,2015-03-10,100 FIRST ST 306,2013,2013,-122.1202221,37.3805823,,,
183,2013-661921,MULTI FAMILY,NULL,FINALED,Condominium,100 FIRST ST 307,16739106,2013-11-25,2013-11-25,2015-02-20,100 FIRST ST 307,2013,2013,-122.1202221,37.3805823,,,
184,2013-661922,MULTI FAMILY,NULL,FINALED,Condominium,100 FIRST ST 308,16739106,2013-11-25,2013-11-25,2015-02-13,100 FIRST ST 308,2013,2013,-122.1202221,37.3805823,,,
185,2013-661923,MULTI FAMILY,NULL,FINALED,Condominium,100 FIRST ST 309,16739106,2013-11-25,2013-11-25,2015-02-12,100 FIRST ST 309,2013,2013,-122.1202221,37.3805823,,,
186,2013-661925,MULTI FAMILY,NULL,FINALED,Condominium,100 FIRST ST 310,16739106,2013-11-25,2013-11-25,2015-02-23,100 FIRST ST 310,2013,2013,-122.1202221,37.3805823,,,
187,2013-661926,MULTI FAMILY,NULL,FINALED,Condominium,100 FIRST ST 311,16739106,2013-11-25,2013-11-25,2015-02-12,100 FIRST ST 311,2013,2013,-122.1202221,37.3805823,,,
188,2013-661927,MULTI FAMILY,NULL,FINALED,Condominium,100 FIRST ST 312,16739106,2013-11-25,2013-11-25,2015-02-20,100 FIRST ST 312,2013,2013,-122.1202221,37.3805823,,,
189,2013-661928,MULTI FAMILY,NULL,FINALED,Condominium,100 FIRST ST 313,16739106,2013-11-25,2013-11-25,2015-03-25,100 FIRST ST 313,2013,2013,-122.1202221,37.3805823,,,
190,2013-661929,MULTI FAMILY,NULL,FINALED,Condominium,100 FIRST ST 314,16739106,2013-11-25,2013-11-25,2015-02-25,100 FIRST ST 314,2013,2013,-122.1202221,37.3805823,20,,20
191,2013-661930,MULTI FAMILY,NULL,FINALED,Condominium,100 FIRST ST 315,16739106,2013-11-25,2013-11-25,2015-03-26,100 FIRST ST 315,2013,2013,-122.1202221,37.3805823,181,146,35
192,2013-661931,MULTI FAMILY,NULL,FINALED,Condominium,100 FIRST ST 316,16739106,2013-11-25,2013-11-25,2015-03-19,100 FIRST ST 316,2013,2013,-122.1202221,37.3805823,4,,4
193,2013-661932,MULTI FAMILY,NULL,FINALED,Condominium,100 FIRST ST 317,16739106,2013-11-25,2013-11-25,2015-03-09,100 FIRST ST 317,2013,2013,-122.1202221,37.3805823,0,,0
194,2013-661933,MULTI FAMILY,NULL,FINALED,Condominium,100 FIRST ST 318,16739106,2013-11-25,2013-11-25,2015-03-13,100 FIRST ST 318,2013,2013,-122.1202221,37.3805823,0,,0
195,2015-663891,MIXED USE,NULL,FINALED,New Mixed Use Build,895 N SAN ANTONIO RD,17001102,2015-02-06,2015-11-10,2018-10-17,895 SAN ANTONIO,2015,2015,-122.1139687,37.3989176,0,,0
196,2016-666054,MULTI FAMILY,NULL,ISSUED,TerracesPH3-Bld#A (W),373 PINE LN,16724041,2016-02-10,2016-02-10,NA,373 PINE LN,2016,2016,-122.1213439,37.3924167,0,,0
197,2016-666056,MULTI FAMILY,NULL,FINALED,TerracesPH3-Bld#A(E),373 PINE LN,16724041,2016-02-10,2016-02-10,2017-03-13,373 PINE LN,2016,2016,-122.1213439,37.3924167,0,,0
198,2016-666057,MULTI FAMILY,NULL,ISSUED,TerracesPH3-Bld#B,373 PINE LN,16724041,2016-02-10,2016-02-10,NA,373 PINE LN,2016,2016,-122.1213439,37.3924167,0,,0
199,2016-666058,MULTI FAMILY,NULL,FINALED,Terraces PH3 Bld#C,373 PINE LN,16724041,2016-02-10,2016-02-10,2017-03-13,373 PINE LN,2016,2016,-122.1213439,37.3924167,0,,0
200,2016-666562,MIXED USE,NULL,PENDING,multi use,0 N AVALON DR,17022013,2016-05-17,NA,NA,0 AVALON DR,NA,2016,-122.1045739,37.3850086,0,,0
201,2016-666677,MULTI FAMILY,NULL,FINALED,Condominium,86 THIRD ST 201,16764010,2016-06-09,2016-06-09,2016-06-09,86 THIRD ST 201,2016,2016,-122.1173381,37.3805182,0,,0
202,2016-666678,MULTI FAMILY,NULL,FINALED,Condominium,86 THIRD ST 202,16764011,2016-06-09,2016-06-09,2016-06-09,86 THIRD ST 202,2016,2016,-122.1173381,37.3805182,0,,0
203,2016-666679,MULTI FAMILY,NULL,FINALED,Condominium,86 THIRD ST 203,16764012,2016-06-09,2016-06-09,2016-06-09,86 THIRD ST 203,2016,2016,-122.1173381,37.3805182,0,,0
204,2016-666680,MULTI FAMILY,NULL,FINALED,Condominium,86 THIRD ST 204,16764013,2016-06-09,2016-06-09,2016-06-09,86 THIRD ST 204,2016,2016,-122.1173381,37.3805182,0,,0
205,2016-666681,MULTI FAMILY,NULL,FINALED,Condominium,86 THIRD ST 205,16764014,2016-06-09,2016-06-09,2016-06-09,86 THIRD ST 205,2016,2016,-122.1173381,37.3805182,0,,0
206,2016-666682,MULTI FAMILY,NULL,FINALED,Condominium,86 THIRD ST 206,16764015,2016-06-09,2016-06-09,2016-06-09,86 THIRD ST 206,2016,2016,-122.1173381,37.3805182,0,,0
207,2016-666683,MULTI FAMILY,NULL,FINALED,Condominium,86 THIRD ST 207,16764016,2016-06-09,2016-06-09,2016-06-09,86 THIRD ST 207,2016,2016,-122.1173381,37.3805182,0,,0
208,2016-666684,MULTI FAMILY,NULL,FINALED,Condominium,86 THIRD ST 208,16764017,2016-06-09,2016-06-09,2016-06-09,86 THIRD ST 208,2016,2016,-122.1173381,37.3805182,0,,0
209,2016-666685,MULTI FAMILY,NULL,FINALED,Condominium,86 THIRD ST 301,16764018,2016-06-09,2016-06-09,2016-06-09,86 THIRD ST 301,2016,2016,-122.1173381,37.3805182,0,,0
210,2016-666686,MULTI FAMILY,NULL,FINALED,Condominium,86 THIRD ST 302,16764019,2016-06-09,2016-06-09,2016-06-09,86 THIRD ST 302,2016,2016,-122.1173381,37.3805182,0,,0
211,2016-666687,MULTI FAMILY,NULL,FINALED,Condominium,86 THIRD ST 303,16764020,2016-06-09,2016-06-09,2016-06-09,86 THIRD ST 303,2016,2016,-122.1173381,37.3805182,0,,0
212,2016-666688,MULTI FAMILY,NULL,FINALED,Condominium,86 THIRD ST 304,16764021,2016-06-09,2016-06-09,2016-06-09,86 THIRD ST 304,2016,2016,-122.1173381,37.3805182,0,,0
213,2016-666689,MULTI FAMILY,NULL,FINALED,Condominium,86 THIRD ST 305,16764022,2016-06-09,2016-06-09,2016-06-09,86 THIRD ST 305,2016,2016,-122.1173381,37.3805182,0,,0
214,2016-666690,MULTI FAMILY,NULL,FINALED,Condominium,86 THIRD ST 306,16764023,2016-06-09,2016-06-09,2016-06-09,86 THIRD ST 306,2016,2016,-122.1173381,37.3805182,0,,0
215,2016-666691,MULTI FAMILY,NULL,FINALED,Condominium,86 THIRD ST 307,16764024,2016-06-09,2016-06-09,2016-06-09,86 THIRD ST 307,2016,2016,-122.1173381,37.3805182,0,,0
216,2016-666692,MULTI FAMILY,NULL,FINALED,Condominium,86 THIRD ST 308,16764025,2016-06-09,2016-06-09,2016-06-09,86 THIRD ST 308,2016,2016,-122.1173381,37.3805182,0,,0
217,2016-666694,MULTI FAMILY,NULL,FINALED,Condominium,86 THIRD ST 101,16764001,2016-06-09,2016-06-09,2016-06-09,86 THIRD ST 101,2016,2016,-122.1173381,37.3805182,3,,3
218,2016-666695,MULTI FAMILY,NULL,FINALED,Condominium,86 THIRD ST 102,16764002,2016-06-09,2016-06-09,2016-06-09,86 THIRD ST 102,2016,2016,-122.1173381,37.3805182,21,,21
219,2016-666696,MULTI FAMILY,NULL,FINALED,Condominium,86 THIRD ST 103,16764003,2016-06-09,2016-06-09,2016-06-09,86 THIRD ST 103,2016,2016,-122.1173381,37.3805182,3,,3
220,2016-666697,MULTI FAMILY,NULL,FINALED,Condominium,86 THIRD ST 104,16764004,2016-06-09,2016-06-09,2016-06-09,86 THIRD ST 104,2016,2016,-122.1173381,37.3805182,0,,0
221,2016-666890,MIXED USE,NULL,ISSUED,New Mixed Use,1540 MIRAMONTE AV,18915085,2016-07-13,2017-10-11,NA,1540 MIRAMONTE,2017,2016,-122.0871903,37.3538742,0,,0
222,2016-667756,MULTI FAMILY,NULL,FINALED,New five-story multi- family,4880 EL CAMINO REAL,17002022,2016-12-21,2018-01-09,2020-07-27,4880 EL CAMINO,2018,2016,-122.1090849,37.3984676,0,,0
223,2017-669477,MULTI FAMILY,NULL,FINALED,3 Condo Unit,517 TYNDALL ST,17038047,2017-11-21,2018-06-06,2019-09-16,517 TYNDALL,2018,2017,-122.1127013,37.3736519,0,,0
224,BLD19-00058,MIXED USE,,SUBMITTED,Mixed Use Building,962 ACACIA AVE,17001048,2019-02-13,NA,NA,962 ACACIA,NA,2019,-122.1136051,37.3998795,0,,0
225,BLD19-00452,MULTI FAMILY,CONDOMINIUM,FINALED,Condo Unit #501,4880 EL CAMINO REAL #54,NA,2019-05-02,2019-05-02,2020-06-25,4880 EL CAMINO #54,2019,2019,NA,NA,0,,0
226,BLD19-00453,MULTI FAMILY,CONDOMINIUM,FINALED,Condo Unit #502,4880 EL CAMINO REAL #53,NA,2019-05-02,2019-05-02,2020-06-25,4880 EL CAMINO #53,2019,2019,NA,NA,0,,0
227,BLD19-00454,MULTI FAMILY,CONDOMINIUM,FINALED,Condo Unit #503,4880 EL CAMINO REAL #52,NA,2019-05-02,2019-05-02,2020-06-25,4880 EL CAMINO #52,2019,2019,NA,NA,0,,0
228,BLD19-00455,MULTI FAMILY,CONDOMINIUM,FINALED,Condo Unit #504,4880 EL CAMINO REAL #51,NA,2019-05-02,2019-05-02,2020-06-25,4880 EL CAMINO #51,2019,2019,NA,NA,0,,0
229,BLD19-00536,MULTI FAMILY,CONDOMINIUM,FINALED,Condo Unit #101,4880 EL CAMINO REAL #14,NA,2019-05-22,2019-05-22,2020-06-25,4880 EL CAMINO #14,2019,2019,NA,NA,0,,0
230,BLD19-00537,MULTI FAMILY,CONDOMINIUM,FINALED,Condo Unit #102,4880 EL CAMINO REAL #105,NA,2019-05-22,2019-05-22,2020-06-25,4880 EL CAMINO #105,2019,2019,NA,NA,0,,0
231,BLD19-00538,MULTI FAMILY,CONDOMINIUM,FINALED,Condo Unit #103,4880 EL CAMINO REAL #12,NA,2019-05-22,2019-05-22,2020-06-25,4880 EL CAMINO #12,2019,2019,NA,NA,0,,0
232,BLD19-00539,MULTI FAMILY,CONDOMINIUM,FINALED,Condo Unit #104,4880 EL CAMINO REAL #11,NA,2019-05-22,2019-05-22,2020-06-25,4880 EL CAMINO #11,2019,2019,NA,NA,0,,0
233,BLD19-00652,MULTI FAMILY,CONDOMINIUM,FINALED,Condo Unit #201,4880 EL CAMINO REAL #24,NA,2019-06-13,2019-06-13,2020-06-25,4880 EL CAMINO #24,2019,2019,NA,NA,0,,0
234,BLD19-00653,MULTI FAMILY,CONDOMINIUM,FINALED,Condo Unit#202,4880 EL CAMINO REAL #25,NA,2019-06-13,2019-06-13,2020-06-25,4880 EL CAMINO #25,2019,2019,NA,NA,0,,0
235,BLD19-00654,MULTI FAMILY,CONDOMINIUM,FINALED,Condo Unit#203,4880 EL CAMINO REAL #22,NA,2019-06-13,2019-06-13,2020-06-25,4880 EL CAMINO #22,2019,2019,NA,NA,0,,0
236,BLD19-00655,MULTI FAMILY,CONDOMINIUM,FINALED,Condo Unit#204,4880 EL CAMINO REAL #23,NA,2019-06-13,2019-06-13,2020-06-25,4880 EL CAMINO #23,2019,2019,NA,NA,0,,0
237,BLD19-00656,MULTI FAMILY,CONDOMINIUM,FINALED,Condo Unit#205,4880 EL CAMINO REAL #21,NA,2019-06-13,2019-06-13,2020-06-25,4880 EL CAMINO #21,2019,2019,NA,NA,0,,0
238,BLD19-00723,MULTI FAMILY,CONDOMINIUM,FINALED,Condo Unit#301,4880 EL CAMINO REAL #34,NA,2019-06-26,2019-07-05,2020-06-25,4880 EL CAMINO #34,2019,2019,NA,NA,0,,0
239,BLD19-00823,MULTI FAMILY,CONDOMINIUM,FINALED,Condo Unit #302,4880 EL CAMINO REAL #33,NA,2019-07-15,2019-07-15,2020-06-25,4880 EL CAMINO #33,2019,2019,NA,NA,0,,0
240,BLD19-00824,MULTI FAMILY,CONDOMINIUM,FINALED,Condo Unit #303,4880 EL CAMINO REAL #32,NA,2019-07-15,2019-07-15,2020-06-25,4880 EL CAMINO #32,2019,2019,NA,NA,0,,0
241,BLD19-00825,MULTI FAMILY,CONDOMINIUM,FINALED,Condo Unit #304,4880 EL CAMINO REAL #31,NA,2019-07-15,2019-07-15,2020-06-25,4880 EL CAMINO #31,2019,2019,NA,NA,0,,0
242,BLD19-00826,MULTI FAMILY,CONDOMINIUM,FINALED,Condo Unit #401,4880 EL CAMINO REAL #44,NA,2019-07-15,2019-07-15,2020-06-25,4880 EL CAMINO #44,2019,2019,NA,NA,0,,0
243,BLD19-00827,MULTI FAMILY,CONDOMINIUM,FINALED,Condo Unit #402,4880 EL CAMINO REAL #43,NA,2019-07-15,2019-07-15,2020-06-25,4880 EL CAMINO #43,2019,2019,NA,NA,0,,0
244,BLD19-00834,MULTI FAMILY,CONDOMINIUM,FINALED,Condo Unit #403,4880 EL CAMINO REAL #42,NA,2019-07-16,2019-07-16,2020-06-25,4880 EL CAMINO #42,2019,2019,NA,NA,0,,0
245,BLD19-00835,MULTI FAMILY,CONDOMINIUM,FINALED,Condo Unit #404,4880 EL CAMINO REAL #41,NA,2019-07-16,2019-07-16,2020-06-25,4880 EL CAMINO #41,2019,2019,NA,NA,2,,2
246,BLD19-01450,MULTI FAMILY,CONDOMINIUM,SUBMITTED,New Multi-Family ,425 1ST ST,16741019,2019-10-21,NA,NA,425 FIRST,NA,2019,-122.1154079,37.3752705,20,,20
247,BLD19-01769,MIXED USE,,SUBMITTED,New Mixed Use Building,389 First Street,NA,2019-12-16,NA,NA,389 FIRST,NA,2019,-122.1157629,37.3756131,10,,10
248,BLD20-00925,MULTI FAMILY,CONDOMINIUM,SUBMITTED,4-Story Condominium Building,450 FIRST STREET,NA,2020-08-11,NA,NA,450 FIRST,NA,2020,-122.1153858,37.3745833,27,,27
249,BLD20-01020,MULTI FAMILY,CONDOMINIUM,SUBMITTED,52-Unit Condominium Development,4846 EL CAMINO REAL,17002027,2020-08-27,NA,NA,4846 EL CAMINO,NA,2020,-122.1094719,37.3988221,42,,42
